id,invitation_id,nombre,pareja,tipo,grupo_relacion,tipo_invitado,prioridad,family_id,partner_name,type,group_relation,guest_type,priority,status,confirmed_seats,dietary_notes,notes,phone,table_assigned,name,created_at,updated_at,invitation_delivered,side
"4","","","","","","","","25","","Familia Pastrana Pineda","Padres","Adulto","A","pending","1","","","","","Enrique Pastrana","Wed Sep 16 2026 17:07:47 GMT-0600 (Central Standard Time)","Fri Sep 18 2026 15:47:38 GMT-0600 (Central Standard Time)","false","Novio"
"5","","","","","","","","25","","Familia Pastrana Pineda","Padres","Adulto","A","pending","1","","","","","Lourdes Pineda","Wed Sep 16 2026 17:07:47 GMT-0600 (Central Standard Time)","Fri Sep 18 2026 15:47:40 GMT-0600 (Central Standard Time)","false","Novio"
"6","","","","","","","","25","","Familia Pastrana Pineda","Abuelos","Adulto","A","pending","1","","","","","Olga Mendez","Wed Sep 16 2026 17:07:47 GMT-0600 (Central Standard Time)","Fri Sep 18 2026 15:47:38 GMT-0600 (Central Standard Time)","false","Novio"
"7","","","","","","","","","","Individual","Abuelos","VIP","A","pending","1","","","","","Irene Avila","Wed Sep 16 2026 17:07:47 GMT-0600 (Central Standard Time)","Sat Oct 03 2026 18:29:51 GMT-0600 (Central Standard Time)","true","Novio"
"8","","","","","","","","7","","Familia Serrano Pastrana","Hermanos","Adulto","A","pending","1","","","","","Britney Pastrana","Wed Sep 16 2026 17:07:47 GMT-0600 (Central Standard Time)","Fri Sep 18 2026 15:47:40 GMT-0600 (Central Standard Time)","false","Novio"
"9","","","","","","","","7","","Familia Serrano Pastrana","Cuñados","Adulto","A","pending","1","","","","","Angel Serrano","Wed Sep 16 2026 17:07:47 GMT-0600 (Central Standard Time)","Fri Sep 18 2026 15:47:41 GMT-0600 (Central Standard Time)","false","Novio"
"10","","","","","","","","8","","Familia Pineda Madrid","Tios","Adulto","A","pending","1","","","","","Walter Pineda","Wed Sep 16 2026 17:07:47 GMT-0600 (Central Standard Time)","Fri Sep 18 2026 15:47:47 GMT-0600 (Central Standard Time)","false","Novio"
"11","","","","","","","","8","","Familia Pineda Madrid","Tios","Adulto","A","pending","1","","","","","Reina Madrid","Wed Sep 16 2026 17:07:47 GMT-0600 (Central Standard Time)","Fri Sep 18 2026 15:47:48 GMT-0600 (Central Standard Time)","false","Novio"
"12","","","","","","","","8","","Familia Pineda Madrid","Primos","Adulto","A","pending","1","","","","","Hazel Pineda","Wed Sep 16 2026 17:07:47 GMT-0600 (Central Standard Time)","Fri Sep 18 2026 15:47:48 GMT-0600 (Central Standard Time)","false","Novio"
"13","","","","","","","","8","","Familia Pineda Madrid","Primos","Adulto","A","pending","1","","","","","Kevin Pineda","Wed Sep 16 2026 17:07:47 GMT-0600 (Central Standard Time)","Fri Sep 18 2026 15:47:49 GMT-0600 (Central Standard Time)","false","Novio"
"14","","","","","","","","8","","Familia Pineda Madrid","Primos","Adulto","A","pending","1","","","","","Obed Pineda","Wed Sep 16 2026 17:07:47 GMT-0600 (Central Standard Time)","Fri Sep 18 2026 15:47:49 GMT-0600 (Central Standard Time)","false","Novio"
"15","","","","","","","","","","Individual","Familia","Adulto","A","pending","1","","","","","Adonay Aceituno","Wed Sep 16 2026 17:07:47 GMT-0600 (Central Standard Time)","Sat Oct 03 2026 18:31:49 GMT-0600 (Central Standard Time)","true","Comun"
"16","","","","","","","","","","Individual","Familia","Adulto","A","pending","1","","","","","Kenneth Rivera","Wed Sep 16 2026 17:07:47 GMT-0600 (Central Standard Time)","Sat Oct 03 2026 18:31:53 GMT-0600 (Central Standard Time)","true","Comun"
"17","","","","","","","","","","Individual","Familia","Adulto","A","pending","1","","","","","Juan Pablo Pineda","Wed Sep 16 2026 17:07:47 GMT-0600 (Central Standard Time)","Sat Oct 03 2026 18:31:39 GMT-0600 (Central Standard Time)","true","Comun"
"18","","","","","","","","","","Individual","Familia","Adulto","A","pending","1","","","","","Llamaly Leonor","Wed Sep 16 2026 17:07:47 GMT-0600 (Central Standard Time)","Sat Oct 03 2026 18:31:45 GMT-0600 (Central Standard Time)","true","Comun"
"19","","","","","","","","56","","Adulto","Familia","Adulto","A","pending","1","","","","","Yarleny Claudino","Wed Sep 16 2026 17:07:47 GMT-0600 (Central Standard Time)","Wed Sep 30 2026 18:06:54 GMT-0600 (Central Standard Time)","false","Comun"
"21","","","","","","","","10","","Familia Salmeron Paz","Familia","Adulto","A","pending","1","","","","","Gisselle Salmerón","Wed Sep 16 2026 17:07:47 GMT-0600 (Central Standard Time)","Wed Sep 30 2026 18:06:39 GMT-0600 (Central Standard Time)","false","Comun"
"22","","","","","","","","10","","Familia Salmeron Paz","Familia","Adulto","A","pending","1","","","","","Mama Gisselle","Wed Sep 16 2026 17:07:47 GMT-0600 (Central Standard Time)","Wed Sep 30 2026 18:06:39 GMT-0600 (Central Standard Time)","false","Comun"
"23","","","","","","","","11","","Familia Rios Rivera","Padres","VIP","A","pending","1","","","","","Marlon Rios","Wed Sep 16 2026 17:07:47 GMT-0600 (Central Standard Time)","Fri Sep 18 2026 15:47:51 GMT-0600 (Central Standard Time)","false","Novia"
"24","","","","","","","","11","","Familia Rios Rivera","Padres","VIP","A","pending","1","","","","","Celina Rivera","Wed Sep 16 2026 17:07:47 GMT-0600 (Central Standard Time)","Fri Sep 18 2026 15:47:51 GMT-0600 (Central Standard Time)","false","Novia"
"28","","","","","","","","13","","Familia Rios Rapalo","Hermanos","Adulto","A","pending","1","","","","","Daniel Rios","Wed Sep 16 2026 17:07:47 GMT-0600 (Central Standard Time)","Fri Sep 18 2026 15:47:50 GMT-0600 (Central Standard Time)","false","Novia"
"29","","","","","","","","13","","Familia Rios Rapalo","Cuñados","Adulto","A","pending","1","","","","","Dirling Rapalo","Wed Sep 16 2026 17:07:47 GMT-0600 (Central Standard Time)","Fri Sep 18 2026 15:47:50 GMT-0600 (Central Standard Time)","false","Novia"
"30","","","","","","","","14","","Familia Rios Reyes","Hermanos","Adulto","A","pending","1","","","","","Misael Rivera","Wed Sep 16 2026 17:07:47 GMT-0600 (Central Standard Time)","Wed Sep 16 2026 17:15:18 GMT-0600 (Central Standard Time)","false","Novia"
"31","","","","","","","","14","","Familia Rios Reyes","Cuñados","Adulto","A","pending","1","","","","","Meylin Reyes","Wed Sep 16 2026 17:07:47 GMT-0600 (Central Standard Time)","Wed Sep 16 2026 17:15:18 GMT-0600 (Central Standard Time)","false","Novia"
"32","","","","","","","","14","","Familia Rios Reyes","Sobrinos","Niños","A","pending","1","","","","","Andrea Rios","Wed Sep 16 2026 17:07:47 GMT-0600 (Central Standard Time)","Wed Sep 16 2026 17:15:18 GMT-0600 (Central Standard Time)","false","Novia"
"33","","","","","","","","13","","Familia Rios Rapalo","Sobrinos","Niños","A","pending","1","","","","","Emilia Rios","Wed Sep 16 2026 17:07:47 GMT-0600 (Central Standard Time)","Fri Sep 18 2026 15:47:51 GMT-0600 (Central Standard Time)","false","Novia"
"34","","","","","","","","15","","Familia Rivera Paz","Tios","Adulto","A","pending","1","","","","","Jose  Rivera","Wed Sep 16 2026 17:07:47 GMT-0600 (Central Standard Time)","Wed Sep 30 2026 19:14:49 GMT-0600 (Central Standard Time)","false","Novia"
"35","","","","","","","","15","","Familia Rivera Paz","Hermanos","Adulto","A","pending","1","","","","","Juana Rivera","Wed Sep 16 2026 17:07:47 GMT-0600 (Central Standard Time)","Wed Sep 16 2026 17:15:18 GMT-0600 (Central Standard Time)","false","Novia"
"36","","","","","","","","15","","Familia Rivera Paz","Tios","Adulto","A","pending","1","","","","","Maribel Rivera","Wed Sep 16 2026 17:07:47 GMT-0600 (Central Standard Time)","Wed Sep 16 2026 17:15:18 GMT-0600 (Central Standard Time)","false","Novia"
"37","","","","","","","","16","","Familia Rivera Claudino","Cuñados","Adulto","A","pending","1","","","","","Kathy Claudino","Wed Sep 16 2026 17:07:47 GMT-0600 (Central Standard Time)","Wed Sep 16 2026 17:15:18 GMT-0600 (Central Standard Time)","false","Novia"
"38","","","","","","","","16","","Familia Rivera Claudino","Primos","Adulto","A","pending","1","","","","","Rafael Rivera","Wed Sep 16 2026 17:07:47 GMT-0600 (Central Standard Time)","Wed Sep 16 2026 17:15:18 GMT-0600 (Central Standard Time)","false","Novia"
"39","","","","","","","","16","","Familia Rivera Claudino","Sobrinos","Niños","A","pending","1","","","","","Isabela Rivera","Wed Sep 16 2026 17:07:47 GMT-0600 (Central Standard Time)","Wed Sep 16 2026 17:15:18 GMT-0600 (Central Standard Time)","false","Novia"
"40","","","","","","","","17","","Familia Mejia Rivera","Tios","Adulto","A","pending","1","","","","","Paty Rivera","Wed Sep 16 2026 17:07:47 GMT-0600 (Central Standard Time)","Fri Sep 18 2026 15:56:22 GMT-0600 (Central Standard Time)","false","Novia"
"41","","","","","","","","17","","Familia Mejia Rivera","Tios","Adulto","A","pending","1","","","","","Miguel Mejia","Wed Sep 16 2026 17:07:47 GMT-0600 (Central Standard Time)","Fri Sep 18 2026 15:56:23 GMT-0600 (Central Standard Time)","false","Novia"
"42","","","","","","","","17","","Familia Mejia Rivera","Primos","Adulto","A","pending","1","","","","","Miguelito Mejia","Wed Sep 16 2026 17:07:47 GMT-0600 (Central Standard Time)","Fri Sep 18 2026 15:56:23 GMT-0600 (Central Standard Time)","false","Novia"
"43","","","","","","","","17","","Familia Mejia Rivera","Primos","Adulto","A","pending","1","","","","","Jonathan Mejia","Wed Sep 16 2026 17:07:47 GMT-0600 (Central Standard Time)","Fri Sep 18 2026 15:56:24 GMT-0600 (Central Standard Time)","false","Novia"
"44","","","","","","","","17","","Familia Mejia Rivera","Primos","Adulto","A","pending","1","","","","","Julio Mejia","Wed Sep 16 2026 17:07:47 GMT-0600 (Central Standard Time)","Fri Sep 18 2026 15:56:25 GMT-0600 (Central Standard Time)","false","Novia"
"45","","","","","","","","18","","Familia Vasquez Argueta","Tios","Adulto","A","pending","1","","","","","Carlos Vasquez","Wed Sep 16 2026 17:07:47 GMT-0600 (Central Standard Time)","Wed Sep 16 2026 17:15:18 GMT-0600 (Central Standard Time)","false","Novia"
"46","","","","","","","","18","","Familia Vasquez Argueta","Tios","Adulto","A","pending","1","","","","","Cinthia Argueta","Wed Sep 16 2026 17:07:47 GMT-0600 (Central Standard Time)","Wed Sep 16 2026 17:15:18 GMT-0600 (Central Standard Time)","false","Novia"
"47","","","","","","","","18","","Familia Vasquez Argueta","Primos","Adulto","A","pending","1","","","","","Carlitos Vasquez","Wed Sep 16 2026 17:07:47 GMT-0600 (Central Standard Time)","Wed Sep 16 2026 17:15:18 GMT-0600 (Central Standard Time)","false","Novia"
"48","","","","","","","","18","","Familia Vasquez Argueta","Primos","Adulto","A","pending","1","","","","","Genesis Vasquez","Wed Sep 16 2026 17:07:47 GMT-0600 (Central Standard Time)","Wed Sep 16 2026 17:15:18 GMT-0600 (Central Standard Time)","false","Novia"
"49","","","","","","","","18","","Familia Vasquez Argueta","Primos","Niños","A","pending","1","","","","","Abigail Vasquez","Wed Sep 16 2026 17:07:47 GMT-0600 (Central Standard Time)","Wed Sep 16 2026 17:15:18 GMT-0600 (Central Standard Time)","false","Novia"
"50","","","","","","","","19","","Familia Lopez Ordoñez","Tios","Adulto","A","pending","1","","","","","Tano Lopez","Wed Sep 16 2026 17:07:47 GMT-0600 (Central Standard Time)","Wed Sep 30 2026 17:27:47 GMT-0600 (Central Standard Time)","false","Novia"
"51","","","","","","","","19","","Familia Lopez Ordoñez","Tios","Adulto","A","pending","1","","","","","Saida Lopez","Wed Sep 16 2026 17:07:47 GMT-0600 (Central Standard Time)","Wed Sep 30 2026 17:29:34 GMT-0600 (Central Standard Time)","false","Novia"
"52","","","","","","","","19","","Familia Lopez Ordoñez","Primos","Adulto","A","pending","1","","","","","Miguel Lopez","Wed Sep 16 2026 17:07:47 GMT-0600 (Central Standard Time)","Wed Sep 30 2026 17:29:46 GMT-0600 (Central Standard Time)","false","Novia"
"53","","","","","","","","19","","Familia Lopez Ordoñez","Primos","Adulto","A","pending","1","","","","","David Lopez","Wed Sep 16 2026 17:07:47 GMT-0600 (Central Standard Time)","Wed Sep 30 2026 17:30:14 GMT-0600 (Central Standard Time)","false","Novia"
"54","","","","","","","","19","","Familia Lopez Ordoñez","Primos","Adulto","A","pending","1","","","","","Gabriel Lopez","Wed Sep 16 2026 17:07:47 GMT-0600 (Central Standard Time)","Wed Sep 30 2026 17:28:34 GMT-0600 (Central Standard Time)","false","Novia"
"55","","","","","","","","20","","Familia Alberto Mairena","Padres 2","Adulto","A","pending","1","","","","","Laura Mairena","Wed Sep 16 2026 17:07:47 GMT-0600 (Central Standard Time)","Fri Sep 18 2026 16:20:31 GMT-0600 (Central Standard Time)","false","Novia"
"56","","","","","","","","20","","Familia Alberto Mairena","Padres 2","Adulto","A","pending","1","","","","","Alfonso Pendiente","Wed Sep 16 2026 17:07:47 GMT-0600 (Central Standard Time)","Fri Sep 18 2026 16:20:31 GMT-0600 (Central Standard Time)","false","Novia"
"57","","","","","","","","21","","Familia Villela","Familia Novia","Adulto","A","pending","1","","","","","Daniela Villela","Wed Sep 16 2026 17:07:47 GMT-0600 (Central Standard Time)","Wed Sep 30 2026 18:05:42 GMT-0600 (Central Standard Time)","false","Novia"
"58","","","","","","","","21","","Familia Villela","Familia Novia","Adulto","A","pending","1","","","","","Nelson Villela","Wed Sep 16 2026 17:07:47 GMT-0600 (Central Standard Time)","Wed Sep 30 2026 18:05:42 GMT-0600 (Central Standard Time)","false","Novia"
"59","","","","","","","","21","","Familia Villela","Familia Novia","Niños","A","pending","1","","","","","Ethan Villela","Wed Sep 16 2026 17:07:47 GMT-0600 (Central Standard Time)","Wed Sep 30 2026 18:05:42 GMT-0600 (Central Standard Time)","false","Novia"
"60","","","","","","","","48","","Familia Rios Quiñonez","Tios","Adulto","A","pending","1","","","","","Juan Rios","Wed Sep 16 2026 17:07:47 GMT-0600 (Central Standard Time)","Wed Sep 30 2026 17:58:46 GMT-0600 (Central Standard Time)","false","Novia"
"61","","","","","","","","48","","Familia Rios Quinonez","Tios","Adulto","A","pending","1","","","","","Carlos Daniel Rios","Wed Sep 16 2026 17:07:47 GMT-0600 (Central Standard Time)","Wed Sep 30 2026 17:58:46 GMT-0600 (Central Standard Time)","false","Novia"
"62","","","","","","","","23","","Familia Rios Soriano","Tios","Adulto","A","pending","1","","","","","Patricio Rios","Wed Sep 16 2026 17:07:47 GMT-0600 (Central Standard Time)","Wed Sep 30 2026 18:09:19 GMT-0600 (Central Standard Time)","false","Novia"
"63","","","","","","","","23","","Familia Rios Soriano","Tios","Adulto","A","pending","1","","","","","Crucita Rios","Wed Sep 16 2026 17:07:47 GMT-0600 (Central Standard Time)","Wed Sep 30 2026 18:09:19 GMT-0600 (Central Standard Time)","false","Novia"
"64","","","","","","","","57","","Familia Rios","Tios","Adulto","A","pending","1","","","","","Santos Rios","Wed Sep 16 2026 17:07:47 GMT-0600 (Central Standard Time)","Wed Sep 30 2026 18:07:56 GMT-0600 (Central Standard Time)","false","Novia"
"65","","","","","","","","57","","Familia Rios","Tios","Adulto","A","pending","1","","","","","Alba Rios","Wed Sep 16 2026 17:07:47 GMT-0600 (Central Standard Time)","Wed Sep 30 2026 18:07:56 GMT-0600 (Central Standard Time)","false","Novia"
"66","","","","","","","","49","","Familia Hernandez","Tios","Adulto","A","pending","1","","","","","Santos Pablo","Wed Sep 16 2026 17:07:47 GMT-0600 (Central Standard Time)","Wed Sep 30 2026 17:31:29 GMT-0600 (Central Standard Time)","false","Novia"
"67","","","","","","","","49","","Familia Hernandez","Tios","Adulto","A","pending","1","","","","","Orfilia Hernandez","Wed Sep 16 2026 17:07:47 GMT-0600 (Central Standard Time)","Wed Sep 30 2026 17:31:29 GMT-0600 (Central Standard Time)","false","Novia"
"68","","","","","","","","47","","Familia Rios Ordonez","Tios","Adulto","A","pending","1","","","","","Henry Rios","Wed Sep 16 2026 17:07:47 GMT-0600 (Central Standard Time)","Wed Sep 30 2026 17:36:21 GMT-0600 (Central Standard Time)","false","Novia"
"69","","","","","","","","47","","Familia Rios Ordonez","Tios","Adulto","A","pending","1","","","","","Lorena Rios","Wed Sep 16 2026 17:07:47 GMT-0600 (Central Standard Time)","Wed Sep 30 2026 17:36:21 GMT-0600 (Central Standard Time)","false","Novia"
"70","","","","","","","","","","Individual","Primos","Adulto","A","pending","1","","","","","Catalina Cortes","Wed Sep 16 2026 17:07:47 GMT-0600 (Central Standard Time)","Sat Oct 03 2026 18:34:13 GMT-0600 (Central Standard Time)","true","Novia"
"71","","","","","","","","","","Individual","Tios","Adulto","A","pending","1","","","","","José León  Rios","Wed Sep 16 2026 17:07:47 GMT-0600 (Central Standard Time)","Sat Oct 03 2026 18:31:29 GMT-0600 (Central Standard Time)","true","Novia"
"72","","","","","","","","","","Individual","Familia Novia","Adulto","A","pending","1","","","","","Michelle Ulloa","Wed Sep 16 2026 17:07:47 GMT-0600 (Central Standard Time)","Sat Oct 03 2026 18:33:30 GMT-0600 (Central Standard Time)","true","Novia"
"73","","","","","","","","","","Individual","Familia Novia","Adulto","A","pending","1","","","","","Luis Alvarado","Wed Sep 16 2026 17:07:47 GMT-0600 (Central Standard Time)","Sat Oct 03 2026 18:32:02 GMT-0600 (Central Standard Time)","true","Novia"
"74","","","","","","","","","","Individual","Iglesia","Adulto","B","pending","1","","","","","Mario Ortega","Wed Sep 16 2026 17:07:47 GMT-0600 (Central Standard Time)","Sat Oct 03 2026 18:34:06 GMT-0600 (Central Standard Time)","true","Novio"
"75","","","","","","","","30","","Famia Ortega Ortega","Iglesia","Adulto","B","pending","1","","","","","Karen Ortega","Wed Sep 16 2026 17:07:47 GMT-0600 (Central Standard Time)","Wed Sep 30 2026 17:32:14 GMT-0600 (Central Standard Time)","false","Novio"
"76","","","","","","","","30","","Famia Ortega Ortega","Iglesia","Adulto","B","pending","1","","","","","Irma Ortega","Wed Sep 16 2026 17:07:47 GMT-0600 (Central Standard Time)","Wed Sep 30 2026 17:32:14 GMT-0600 (Central Standard Time)","false","Novio"
"77","","","","","","","","30","","Famia Ortega Ortega","Iglesia","Adulto","B","pending","1","","","","","Daniel Ortega","Wed Sep 16 2026 17:07:47 GMT-0600 (Central Standard Time)","Wed Sep 30 2026 17:32:14 GMT-0600 (Central Standard Time)","false","Novio"
"78","","","","","","","","31","","Familia Ortega Soriano","Iglesia","Adulto","B","pending","1","","","","","Suamy Ortega","Wed Sep 16 2026 17:07:47 GMT-0600 (Central Standard Time)","Wed Sep 16 2026 17:15:18 GMT-0600 (Central Standard Time)","false","Novio"
"79","","","","","","","","31","","Familia Ortega Soriano","Iglesia","Niños","B","pending","1","","","","","Emely Ortega","Wed Sep 16 2026 17:07:47 GMT-0600 (Central Standard Time)","Wed Sep 16 2026 17:15:18 GMT-0600 (Central Standard Time)","false","Novio"
"80","","","","","","","","30","","Famia Ortega Ortega","Iglesia","Niños","B","pending","1","","","","","Anthony Ortega","Wed Sep 16 2026 17:07:47 GMT-0600 (Central Standard Time)","Wed Sep 30 2026 17:32:14 GMT-0600 (Central Standard Time)","false","Novio"
"81","","","","","","","","32","","Familia Portan Saenz","Iglesia","Adulto","B","pending","1","","","","","Dilcia Saenz","Wed Sep 16 2026 17:07:47 GMT-0600 (Central Standard Time)","Wed Sep 16 2026 17:15:18 GMT-0600 (Central Standard Time)","false","Novio"
"82","","","","","","","","32","","Familia Portan Saenz","Iglesia","Adulto","B","pending","1","","","","","Alexis Portan","Wed Sep 16 2026 17:07:47 GMT-0600 (Central Standard Time)","Wed Sep 16 2026 17:15:18 GMT-0600 (Central Standard Time)","false","Novio"
"83","","","","","","","","32","","Familia Portan Saenz","Iglesia","Adulto","B","pending","1","","","","","Yugeny Portan","Wed Sep 16 2026 17:07:47 GMT-0600 (Central Standard Time)","Wed Sep 16 2026 17:15:18 GMT-0600 (Central Standard Time)","false","Novio"
"84","","","","","","","","32","","Familia Portan Saenz","Iglesia","Adulto","B","pending","1","","","","","Brandon Portan","Wed Sep 16 2026 17:07:47 GMT-0600 (Central Standard Time)","Wed Sep 16 2026 17:15:18 GMT-0600 (Central Standard Time)","false","Novio"
"85","","","","","","","","33","","Familia Herculez Tabora","Familia","Adulto","B","pending","1","","","","","Ana Tabora","Wed Sep 16 2026 17:07:47 GMT-0600 (Central Standard Time)","Wed Sep 30 2026 18:05:40 GMT-0600 (Central Standard Time)","false","Comun"
"86","","","","","","","","34","","Familia Tabora Lopez","Familia","Adulto","B","pending","1","","","","","Victor Tabora","Wed Sep 16 2026 17:07:47 GMT-0600 (Central Standard Time)","Wed Sep 30 2026 18:05:42 GMT-0600 (Central Standard Time)","false","Comun"
"87","","","","","","","","34","","Familia Tabora Lopez","Familia","Adulto","B","pending","1","","","","","Margarita Tabora","Wed Sep 16 2026 17:07:47 GMT-0600 (Central Standard Time)","Wed Sep 30 2026 18:05:42 GMT-0600 (Central Standard Time)","false","Comun"
"88","","","","","","","","33","","Familia Herculez Tabora","Familia","Adulto","B","pending","1","","","","","Jeison Hercules","Wed Sep 16 2026 17:07:47 GMT-0600 (Central Standard Time)","Wed Sep 30 2026 18:05:40 GMT-0600 (Central Standard Time)","false","Comun"
"89","","","","","","","","51","","Adulto","Tios","Adulto","B","pending","1","","","","","Adolfo Pastrana","Wed Sep 16 2026 17:07:47 GMT-0600 (Central Standard Time)","Wed Sep 30 2026 18:00:48 GMT-0600 (Central Standard Time)","false","Novio"
"90","","","","","","","","51","","Adulto","Tios","Adulto","B","pending","1","","","","","Reina Baiza","Wed Sep 16 2026 17:07:47 GMT-0600 (Central Standard Time)","Wed Sep 30 2026 18:00:57 GMT-0600 (Central Standard Time)","false","Novio"
"91","","","","","","","","36","","Familia Banegas Guardiola","Iglesia","Adulto","B","pending","1","","","","","Shirley Guardiola","Wed Sep 16 2026 17:07:47 GMT-0600 (Central Standard Time)","Wed Sep 16 2026 17:15:18 GMT-0600 (Central Standard Time)","false","Novio"
"92","","","","","","","","36","","Familia Banegas Guardiola","Iglesia","Adulto","B","pending","1","","","","","Dayanary Guardiola","Wed Sep 16 2026 17:07:47 GMT-0600 (Central Standard Time)","Wed Sep 16 2026 17:15:18 GMT-0600 (Central Standard Time)","false","Novio"
"93","","","","","","","","36","","Familia Banegas Guardiola","Iglesia","Adulto","B","pending","1","","","","","Suyapa Banegas","Wed Sep 16 2026 17:07:47 GMT-0600 (Central Standard Time)","Wed Sep 16 2026 17:15:18 GMT-0600 (Central Standard Time)","false","Novio"
"94","","","","","","","","36","","Familia Banegas Guardiola","Iglesia","Adulto","B","pending","1","","","","","Don Rey","Wed Sep 16 2026 17:07:47 GMT-0600 (Central Standard Time)","Wed Sep 16 2026 17:15:18 GMT-0600 (Central Standard Time)","false","Novio"
"95","","","","","","","","36","","Familia Banegas Guardiola","Iglesia","Adulto","B","pending","1","","","","","Clementina","Wed Sep 16 2026 17:07:47 GMT-0600 (Central Standard Time)","Wed Sep 16 2026 17:15:18 GMT-0600 (Central Standard Time)","false","Novio"
"96","","","","","","","","37","","Familia Rodriguez","Familia Novio","Adulto","B","pending","1","","","","","Karina Rodriguez","Wed Sep 16 2026 17:07:47 GMT-0600 (Central Standard Time)","Sat Oct 03 2026 17:24:22 GMT-0600 (Central Standard Time)","false","Novio"
"97","","","","","","","","37","","Familia Rodriguez","Familia Novio","Adulto","B","pending","1","","","","","Suyapa Rodriguez","Wed Sep 16 2026 17:07:47 GMT-0600 (Central Standard Time)","Sat Oct 03 2026 17:24:22 GMT-0600 (Central Standard Time)","false","Novio"
"98","","","","","","","","37","","Familia Rodriguez","Familia Novio","Niños","B","pending","1","","","","","Daniela Rodriguez","Wed Sep 16 2026 17:07:47 GMT-0600 (Central Standard Time)","Sat Oct 03 2026 17:24:22 GMT-0600 (Central Standard Time)","false","Novio"
"99","","","","","","","","37","","Familia Rodriguez","Familia Novio","Adulto","B","pending","1","","","","","Eli Rodriguez","Wed Sep 16 2026 17:07:47 GMT-0600 (Central Standard Time)","Sat Oct 03 2026 17:24:22 GMT-0600 (Central Standard Time)","false","Novio"
"100","","","","","","","","37","","Familia Rodriguez","Familia Novio","Adulto","B","pending","1","","","","","Alexander","Wed Sep 16 2026 17:07:47 GMT-0600 (Central Standard Time)","Sat Oct 03 2026 17:24:22 GMT-0600 (Central Standard Time)","false","Novio"
"101","","","","","","","","38","","Familia Caballero Barahona","Familia Novia","Adulto","B","pending","1","","","","","Julio Caballero","Wed Sep 16 2026 17:07:47 GMT-0600 (Central Standard Time)","Wed Sep 30 2026 18:05:40 GMT-0600 (Central Standard Time)","false","Novia"
"102","","","","","","","","38","","Familia Caballero Barahona","Familia Novia","Adulto","B","pending","1","","","","","Susana Barahona","Wed Sep 16 2026 17:07:47 GMT-0600 (Central Standard Time)","Wed Sep 30 2026 18:05:40 GMT-0600 (Central Standard Time)","false","Novia"
"103","","","","","","","","38","","Familia Caballero Barahona","Familia Novia","Adulto","B","pending","1","","","","","Cesar Andres","Wed Sep 16 2026 17:07:47 GMT-0600 (Central Standard Time)","Wed Sep 30 2026 18:05:40 GMT-0600 (Central Standard Time)","false","Novia"
"104","","","","","","","","38","","Familia Caballero Barahona","Familia Novia","Niños","B","pending","1","","","","","Diego Andres","Wed Sep 16 2026 17:07:47 GMT-0600 (Central Standard Time)","Wed Sep 30 2026 18:05:40 GMT-0600 (Central Standard Time)","false","Novia"
"105","","","","","","","","","","Individual","Add to +120","Adulto","A","pending","1","","","","","Yamil Flamenco","Wed Sep 16 2026 17:07:47 GMT-0600 (Central Standard Time)","Sat Oct 03 2026 18:32:08 GMT-0600 (Central Standard Time)","true","Novio"
"107","","","","","","","","39","","Familia Castillo Hernandez","Add to +120","Adulto","B","pending","1","","","","","Romel Castillo","Wed Sep 16 2026 17:07:47 GMT-0600 (Central Standard Time)","Wed Sep 30 2026 19:02:39 GMT-0600 (Central Standard Time)","false","Novia"
"108","","","","","","","","39","","Familia Castillo Hernandez","Add to +120","Adulto","B","pending","1","","","","","Blanca Hernandez","Wed Sep 16 2026 17:07:47 GMT-0600 (Central Standard Time)","Wed Sep 30 2026 19:02:39 GMT-0600 (Central Standard Time)","false","Novia"
"109","","","","","","","","39","","Familia Castillo Hernandez","Add to +120","Adulto","B","pending","1","","","","","Cesar Castillo","Wed Sep 16 2026 17:07:47 GMT-0600 (Central Standard Time)","Wed Sep 30 2026 19:02:39 GMT-0600 (Central Standard Time)","false","Novia"
"110","","","","","","","","39","","Familia Castillo Hernandez","Add to +120","Adulto","B","pending","1","","","","","Angel Castillo","Wed Sep 16 2026 17:07:47 GMT-0600 (Central Standard Time)","Wed Sep 30 2026 19:02:39 GMT-0600 (Central Standard Time)","false","Novia"
"111","","","","","","","","50","","Adulto","Add to +120","Adulto","B","pending","1","","","","","Alejandra Rios","Wed Sep 16 2026 17:07:47 GMT-0600 (Central Standard Time)","Wed Sep 30 2026 17:58:25 GMT-0600 (Central Standard Time)","false","Novia"
"112","","","","","","","","50","","Adulto","Add to +120","Adulto","B","pending","1","","","","","Roberto Cerrato","Wed Sep 16 2026 17:07:47 GMT-0600 (Central Standard Time)","Wed Sep 30 2026 17:58:30 GMT-0600 (Central Standard Time)","false","Novia"
"113","","","","","","","","41","","Familia Luis Valladares","Add to +120","Adulto","B","pending","1","","","","","Luis Valladares","Wed Sep 16 2026 17:07:47 GMT-0600 (Central Standard Time)","Wed Sep 30 2026 17:13:51 GMT-0600 (Central Standard Time)","false","Novio"
"114","","","","","","","","41","","Familia Luis Valladares","Add to +120","Adulto","B","pending","1","","","","","Esposa de Luis Valladares","Wed Sep 16 2026 17:07:47 GMT-0600 (Central Standard Time)","Wed Sep 30 2026 17:13:51 GMT-0600 (Central Standard Time)","false","Novio"
"115","","","","","","","","54","","Familia Edgar Hernandez","Add to +120","Adulto","B","pending","1","","","","","Edgar Hernandez","Wed Sep 16 2026 17:07:47 GMT-0600 (Central Standard Time)","Wed Sep 30 2026 17:19:45 GMT-0600 (Central Standard Time)","false","Novio"
"116","","","","","","","","54","","Familia Edgar Hernandez","Add to +120","Adulto","B","pending","1","","","","","Rosa Hernández","Wed Sep 16 2026 17:07:47 GMT-0600 (Central Standard Time)","Wed Sep 30 2026 17:19:45 GMT-0600 (Central Standard Time)","false","Novio"
"117","","","","","","","","53","","Francisco López y Pareja","Familia Novio","Adulto","B","pending","1","","","","","Francisco Lopez","Wed Sep 16 2026 17:07:47 GMT-0600 (Central Standard Time)","Wed Sep 30 2026 18:05:43 GMT-0600 (Central Standard Time)","false","Novio"
"118","","","","","","","","53","","Francisco López y Pareja","Familia Novio","Adulto","B","pending","1","","","","","Novia Francisco Lopez","Wed Sep 16 2026 17:07:47 GMT-0600 (Central Standard Time)","Wed Sep 30 2026 18:05:43 GMT-0600 (Central Standard Time)","false","Novio"
"119","","","","","","","","44","","Familia Bonilla Caballero","Add to +120","Adulto","B","pending","1","","","","","Sonia Caballero","Wed Sep 16 2026 17:07:47 GMT-0600 (Central Standard Time)","Wed Sep 16 2026 17:15:18 GMT-0600 (Central Standard Time)","false","Novio"
"120","","","","","","","","44","","Familia Bonilla Caballero","Add to +120","Adulto","B","pending","1","","","","","Madison Caballero","Wed Sep 16 2026 17:07:47 GMT-0600 (Central Standard Time)","Wed Sep 16 2026 17:15:18 GMT-0600 (Central Standard Time)","false","Novio"
"121","","","","","","","","","","Individual","Add to +120","Adulto","B","pending","1","","","","","Gabriela Castron","Wed Sep 16 2026 17:07:47 GMT-0600 (Central Standard Time)","Sat Oct 03 2026 18:32:13 GMT-0600 (Central Standard Time)","true","Novia"
"122","","","","","","","","52","","Familia Denia Amaya","Add to +120","Adulto","B","pending","1","","","","","Denia Amaya","Wed Sep 16 2026 17:07:47 GMT-0600 (Central Standard Time)","Wed Sep 30 2026 17:22:15 GMT-0600 (Central Standard Time)","false","Novia"
"123","","","","","","","","52","","Familia Díaz Amaya","Add to +120","Adulto","B","pending","1","","","","","Angel Diaz","Wed Sep 16 2026 17:07:47 GMT-0600 (Central Standard Time)","Wed Sep 30 2026 17:25:25 GMT-0600 (Central Standard Time)","false","Novia"
"124","","","","","","","","18","","Familia Vasquez Argueta","Familia Novia","Titular","A","pending","1","","","","","Doña Clemen","Sun Sep 27 2026 19:53:34 GMT-0600 (Central Standard Time)","Sun Sep 27 2026 19:53:34 GMT-0600 (Central Standard Time)","false",""
"125","","","","","","","","20","","Familia Alberto Mairena","Familia Novia","Familiar","A","pending","1","","","","","Susan Alberto","Wed Sep 30 2026 17:34:00 GMT-0600 (Central Standard Time)","Wed Sep 30 2026 17:34:00 GMT-0600 (Central Standard Time)","false",""
"126","","","","","","","","20","","Familia Alberto Mairena","Familia Novia","Familiar","A","pending","1","","","","","Daniel Alberto","Wed Sep 30 2026 17:34:25 GMT-0600 (Central Standard Time)","Wed Sep 30 2026 17:34:25 GMT-0600 (Central Standard Time)","false",""
"127","","","","","","","","20","","Familia Alberto Mairena","Familia Novia","Titular","A","pending","1","","","","","Giselle Alberto","Wed Sep 30 2026 17:34:51 GMT-0600 (Central Standard Time)","Wed Sep 30 2026 17:34:51 GMT-0600 (Central Standard Time)","false",""
"128","","","","","","","","56","","Adulto","Familia Novio","Titular","A","pending","1","","","","","Novio Yarleny","Wed Sep 30 2026 18:05:23 GMT-0600 (Central Standard Time)","Wed Sep 30 2026 18:06:03 GMT-0600 (Central Standard Time)","false",""